Method,Name,Error,Occurrences
GET,/api/customer/owners/3,HTTPError('405 Client Error: Method Not Allowed for url: /api/customer/owners/3'),67
GET,/api/customer/owners,HTTPError('405 Client Error: Method Not Allowed for url: /api/customer/owners'),1065
POST,/api/customer/owners,HTTPError('503 Server Error: Service Unavailable for url: /api/customer/owners'),220
GET,/api/vet/vets,HTTPError('405 Client Error: Method Not Allowed for url: /api/vet/vets'),490
GET,/api/customer/owners/10,HTTPError('405 Client Error: Method Not Allowed for url: /api/customer/owners/10'),78
GET,/api/customer/owners/1,HTTPError('405 Client Error: Method Not Allowed for url: /api/customer/owners/1'),72
GET,/api/customer/owners/7,HTTPError('405 Client Error: Method Not Allowed for url: /api/customer/owners/7'),81
GET,/api/customer/owners/8,HTTPError('405 Client Error: Method Not Allowed for url: /api/customer/owners/8'),77
GET,/api/customer/owners/2,HTTPError('405 Client Error: Method Not Allowed for url: /api/customer/owners/2'),77
GET,/api/customer/owners/5,HTTPError('405 Client Error: Method Not Allowed for url: /api/customer/owners/5'),75
GET,/api/customer/owners/9,HTTPError('405 Client Error: Method Not Allowed for url: /api/customer/owners/9'),80
GET,/api/customer/owners/6,HTTPError('405 Client Error: Method Not Allowed for url: /api/customer/owners/6'),59
GET,/api/customer/owners/4,HTTPError('405 Client Error: Method Not Allowed for url: /api/customer/owners/4'),69
