Method,Name,Error,Occurrences
GET,/api/customer/owners/3,HTTPError('405 Client Error: Method Not Allowed for url: /api/customer/owners/3'),92
GET,/api/customer/owners,HTTPError('405 Client Error: Method Not Allowed for url: /api/customer/owners'),1223
POST,/api/customer/owners,HTTPError('503 Server Error: Service Unavailable for url: /api/customer/owners'),277
GET,/api/vet/vets,HTTPError('405 Client Error: Method Not Allowed for url: /api/vet/vets'),550
GET,/api/customer/owners/10,HTTPError('405 Client Error: Method Not Allowed for url: /api/customer/owners/10'),81
GET,/api/customer/owners/1,HTTPError('405 Client Error: Method Not Allowed for url: /api/customer/owners/1'),74
GET,/api/customer/owners/7,HTTPError('405 Client Error: Method Not Allowed for url: /api/customer/owners/7'),84
GET,/api/customer/owners/8,HTTPError('405 Client Error: Method Not Allowed for url: /api/customer/owners/8'),92
GET,/api/customer/owners/2,HTTPError('405 Client Error: Method Not Allowed for url: /api/customer/owners/2'),98
GET,/api/customer/owners/5,HTTPError('405 Client Error: Method Not Allowed for url: /api/customer/owners/5'),75
GET,/api/customer/owners/9,HTTPError('405 Client Error: Method Not Allowed for url: /api/customer/owners/9'),92
GET,/api/customer/owners/6,HTTPError('405 Client Error: Method Not Allowed for url: /api/customer/owners/6'),73
GET,/api/customer/owners/4,HTTPError('405 Client Error: Method Not Allowed for url: /api/customer/owners/4'),71
