Method,Name,Error,Occurrences
GET,/api/customer/owners/3,HTTPError('405 Client Error: Method Not Allowed for url: /api/customer/owners/3'),701
GET,/api/customer/owners,HTTPError('405 Client Error: Method Not Allowed for url: /api/customer/owners'),9667
POST,/api/customer/owners,HTTPError('503 Server Error: Service Unavailable for url: /api/customer/owners'),2449
GET,/api/vet/vets,HTTPError('405 Client Error: Method Not Allowed for url: /api/vet/vets'),4781
GET,/api/customer/owners/10,HTTPError('405 Client Error: Method Not Allowed for url: /api/customer/owners/10'),695
GET,/api/customer/owners/1,HTTPError('405 Client Error: Method Not Allowed for url: /api/customer/owners/1'),746
GET,/api/customer/owners/7,HTTPError('405 Client Error: Method Not Allowed for url: /api/customer/owners/7'),729
GET,/api/customer/owners/8,HTTPError('405 Client Error: Method Not Allowed for url: /api/customer/owners/8'),698
GET,/api/customer/owners/2,HTTPError('405 Client Error: Method Not Allowed for url: /api/customer/owners/2'),742
GET,/api/customer/owners/5,HTTPError('405 Client Error: Method Not Allowed for url: /api/customer/owners/5'),703
GET,/api/customer/owners/9,HTTPError('405 Client Error: Method Not Allowed for url: /api/customer/owners/9'),659
GET,/api/customer/owners/6,HTTPError('405 Client Error: Method Not Allowed for url: /api/customer/owners/6'),748
GET,/api/customer/owners/4,HTTPError('405 Client Error: Method Not Allowed for url: /api/customer/owners/4'),737
