Timestamp,User Count,Type,Name,Requests/s,Failures/s,50%,66%,75%,80%,90%,95%,98%,99%,99.9%,99.99%,100%,Total Request Count,Total Failure Count,Total Median Response Time,Total Average Response Time,Total Min Response Time,Total Max Response Time,Total Average Content Size
1761335792,0,,Aggregated,0.000000,0.000000,N/A,N/A,N/A,N/A,N/A,N/A,N/A,N/A,N/A,N/A,N/A,0,0,0,0.0,0,0,0
1761335793,5,,Aggregated,0.000000,0.000000,390,400,400,420,420,420,420,420,420,420,420,5,0,390.0,249.487299984321,19.743200042285025,418.87109994422644,391665.0
1761335794,15,,Aggregated,0.000000,0.000000,21,320,390,390,400,420,420,420,420,420,420,11,0,21,150.5136363610456,10.880299960263073,418.87109994422644,237522.0909090909
1761335795,20,,Aggregated,2.000000,0.000000,20,22,320,380,400,400,420,420,420,420,420,21,0,20,121.1443523809846,5.805899971164763,418.87109994422644,186688.7142857143
1761335796,25,,Aggregated,4.500000,0.000000,21,51,390,400,460,470,490,490,490,490,490,33,0,21,152.54203939217734,5.805899971164763,490.00360001809895,217760.57575757575
1761335797,30,,Aggregated,5.333333,0.000000,21,280,400,460,490,520,530,530,530,530,530,45,0,21,168.34501332551656,5.2195999305695295,534.2214000411332,232330.2
1761335798,35,,Aggregated,5.750000,0.000000,22,110,400,460,520,530,530,950,950,950,950,54,0,21,171.93559999793285,5.2195999305695295,950.3839000826702,217836.64814814815
1761335799,40,,Aggregated,7.000000,0.000000,33,320,460,520,1300,1300,1400,1400,1400,1400,1400,79,0,33,287.5312291147612,5.2195999305695295,1393.1162999942899,231672.98734177215
1761335800,45,,Aggregated,8.000000,0.000000,45,280,420,470,1000,1300,1400,1400,1400,1400,1400,96,0,33,269.2590989609016,4.313900019042194,1393.1162999942899,238349.01041666666
1761335801,50,,Aggregated,8.571429,0.000000,25,130,400,460,530,1300,1400,1400,1400,1400,1400,124,0,24,234.0190991958333,3.735099919140339,1393.1162999942899,221494.25
1761335802,50,,Aggregated,10.875000,0.000000,23,100,340,420,530,1300,1400,1400,1400,1400,1400,142,0,22,214.07700281731235,3.735099919140339,1393.1162999942899,202670.21830985916
1761335803,50,,Aggregated,11.444444,0.000000,33,140,390,460,1000,1400,1400,1500,1500,1500,1500,162,0,30,257.4799567910866,3.735099919140339,1543.9019999466836,205949.4814814815
1761335804,50,,Aggregated,13.000000,0.000000,34,280,440,500,1300,1500,1700,1800,1800,1800,1800,175,0,34,311.6796182874324,3.735099919140339,1843.145600054413,216850.7142857143
1761335805,50,,Aggregated,14.000000,0.000000,45,320,470,530,1400,1600,1800,1900,2100,2100,2100,185,0,45,358.38860162294696,3.735099919140339,2056.847299914807,226377.94054054053
1761335806,50,,Aggregated,15.400000,0.000000,77,420,610,1000,1500,1700,2100,2100,2500,2500,2500,200,0,74,439.97868950129487,3.735099919140339,2471.234899945557,225783.31
1761335807,50,,Aggregated,15.900000,0.000000,97,460,770,1100,1500,1800,2100,2600,2700,2700,2700,209,0,97,482.0849004805391,3.735099919140339,2727.9107000213116,225475.23444976076
1761335808,50,,Aggregated,16.200000,0.000000,97,460,790,1100,1500,1900,2500,2700,4200,4200,4200,212,0,85,495.1938433981202,3.735099919140339,4212.308899965137,225381.94339622642
1761335809,50,,Aggregated,16.500000,0.000000,99,490,980,1300,1700,2100,4200,4600,4700,4700,4700,217,0,99,580.576872813069,3.735099919140339,4738.609899999574,232272.35023041474
1761335810,50,,Aggregated,16.200000,0.000000,110,520,1200,1400,2100,2800,4600,4600,4900,4900,4900,227,0,110.0,702.4008718099741,3.735099919140339,4880.609499989077,230713.97797356828
1761335811,50,,Aggregated,15.200000,0.000000,110,530,1300,1400,2100,2900,4600,4900,5100,5100,5100,233,0,110.0,743.0735729652748,3.735099919140339,5068.264400004409,230414.1373390558
1761335812,50,,Aggregated,15.200000,0.000000,110,530,1300,1400,2100,2900,4600,4900,5100,5100,5100,233,0,110.0,743.0735729652748,3.735099919140339,5068.264400004409,230414.1373390558
1761335813,50,,Aggregated,12.400000,0.000000,150,610,1300,1500,2700,4600,5100,6700,6900,6900,6900,240,0,140.0,870.6394850033879,3.735099919140339,6892.110700020567,231901.35833333334
1761335814,50,,Aggregated,10.300000,0.000000,200,660,1400,1500,2800,4900,6900,7000,7200,7200,7200,245,0,200.0,967.1715412274649,3.735099919140339,7164.975699968636,237885.21224489796
1761335815,50,,Aggregated,9.100000,0.000000,250,770,1400,1600,2900,5100,6900,7200,7800,7800,7800,251,0,250.0,1054.9536637476724,3.735099919140339,7780.849699978717,237436.10358565737
1761335817,50,,Aggregated,7.700000,0.000000,200,700,1400,1600,3600,5200,7000,7600,8500,8500,8500,256,0,150.0,1067.6478128930285,3.735099919140339,8500.91619999148,235373.05078125
1761335818,50,,Aggregated,6.600000,0.000000,320,1100,1600,2500,5500,7200,8500,9000,9300,9300,9300,273,0,320.0,1458.39976410564,3.735099919140339,9307.525499956682,235153.49084249084
1761335819,50,,Aggregated,5.600000,0.000000,320,1300,1700,2700,6200,7300,9000,9300,9800,9800,9800,282,0,320.0,1586.1334719885874,3.735099919140339,9786.859000101686,236971.6914893617
1761335820,50,,Aggregated,6.200000,0.000000,320,1300,1800,2800,6400,7600,9000,9800,10000,10000,10000,290,1,320.0,1647.1617465545744,3.735099919140339,10005.364599986933,234976.5172413793
1761335821,50,,Aggregated,6.900000,0.000000,400,1400,2500,3300,6800,7700,9000,9300,10000,10000,10000,305,1,400.0,1775.8297013137947,3.735099919140339,10005.364599986933,238509.57704918034
1761335822,50,,Aggregated,6.900000,0.000000,400,1400,2500,3300,6800,7700,9000,9300,10000,10000,10000,313,1,400.0,1802.82760671148,3.735099919140339,10005.364599986933,238720.5878594249
1761335823,50,,Aggregated,7.200000,0.100000,460,1500,2600,3600,6800,7600,9000,9300,10000,10000,10000,326,1,460.0,1874.6051315965983,3.735099919140339,10005.364599986933,237270.6963190184
1761335824,50,,Aggregated,8.000000,0.100000,460,1500,2700,4400,6800,7700,9000,9800,10000,10000,10000,333,2,460.0,1901.0249051061255,3.735099919140339,10005.364599986933,236238.6876876877
1761335825,50,,Aggregated,9.300000,0.100000,460,1500,2700,4600,6800,7700,9000,9800,10000,10000,10000,335,2,460.0,1917.2125620906477,3.735099919140339,10005.364599986933,236790.61791044776
1761335826,50,,Aggregated,9.200000,0.100000,480,1700,2800,4600,6800,7600,9000,9800,10000,10000,10000,345,2,480.0,1974.6910669574297,3.735099919140339,10005.364599986933,235649.29565217393
1761335827,50,,Aggregated,9.200000,0.100000,520,1900,3400,4600,6800,7600,9000,9800,10000,10000,10000,357,2,520.0,2054.621373670742,3.735099919140339,10005.364599986933,235096.8263305322
1761335828,50,,Aggregated,8.900000,0.200000,520,1900,3400,4600,6800,7600,9000,9800,10000,10000,10000,360,2,520.0,2063.267650834233,3.735099919140339,10005.364599986933,234965.5388888889
1761335829,50,,Aggregated,9.300000,0.200000,530,2100,3500,4700,6800,7600,9000,9800,10000,10000,10000,364,2,520.0,2089.159798077602,3.735099919140339,10005.364599986933,235997.4423076923
1761335830,50,,Aggregated,10.100000,0.200000,530,2100,3500,4900,6900,7600,9000,9800,10000,10000,10000,366,2,530.0,2119.2987857929106,3.735099919140339,10005.364599986933,238300.79508196723
1761335831,50,,Aggregated,8.300000,0.200000,610,2500,3800,5100,6900,7800,9000,9800,10000,10000,10000,372,2,610.0,2192.8136803767447,3.735099919140339,10005.364599986933,239761.41129032258
1761335832,50,,Aggregated,8.300000,0.200000,770,2600,4200,5200,7200,7900,9000,9800,10000,10000,10000,380,2,700.0,2282.740799210794,3.735099919140339,10005.364599986933,241640.0052631579
1761335833,50,,Aggregated,7.700000,0.100000,980,2800,4700,5500,7300,7800,9000,9800,10000,10000,10000,389,2,980.0,2372.258899743599,3.735099919140339,10005.364599986933,242816.92544987146
1761335834,50,,Aggregated,6.700000,0.100000,1000,2800,5000,5600,7300,7900,9000,9800,10000,10000,10000,397,2,1000.0,2431.0718586909416,3.735099919140339,10005.364599986933,244558.98488664988
1761335835,50,,Aggregated,6.300000,0.100000,1000,2900,5000,5600,7400,7900,9000,9300,10000,10000,10000,407,2,1000.0,2476.58030368692,3.735099919140339,10005.364599986933,243410.42997543
1761335836,50,,Aggregated,6.400000,0.100000,1200,3300,5000,5700,7500,7900,9000,9300,10000,10000,10000,420,2,1100.0,2536.5239797628465,3.735099919140339,10005.364599986933,243726.11428571428
1761335837,50,,Aggregated,7.200000,0.000000,1200,3300,5000,5800,7600,7900,9000,9300,10000,10000,10000,424,2,1100.0,2551.3078702840503,3.735099919140339,10005.364599986933,244538.3962264151
1761335838,50,,Aggregated,7.200000,0.000000,1200,3300,5000,5700,7600,7900,9000,9300,10000,10000,10000,429,2,1200.0,2552.495268299429,3.735099919140339,10005.364599986933,241692.84149184148
1761335839,50,,Aggregated,6.600000,0.000000,1300,3400,5000,5900,7600,8000,9000,9300,10000,10000,10000,439,2,1300.0,2600.2352325750117,3.735099919140339,10005.364599986933,242197.63553530752
1761335840,50,,Aggregated,6.600000,0.000000,1300,3500,5000,5900,7600,8000,9000,9300,10000,10000,10000,444,2,1300.0,2601.437375902016,3.735099919140339,10005.364599986933,240959.78153153154
1761335841,50,,Aggregated,7.400000,0.000000,1300,3600,5000,6000,7600,8000,9000,9300,10000,10000,10000,453,2,1300.0,2631.9036344382357,3.735099919140339,10005.364599986933,240544.1280353201
1761335842,50,,Aggregated,7.400000,0.000000,1300,3700,5100,6100,7600,8000,9000,9300,10000,10000,10000,456,2,1300.0,2649.0495907905583,3.735099919140339,10005.364599986933,241854.5899122807
1761335843,50,,Aggregated,8.200000,0.000000,1300,3800,5100,6200,7600,8000,9000,9300,10000,10000,10000,464,2,1300.0,2696.7454019403044,3.735099919140339,10005.364599986933,241952.71120689655
1761335844,50,,Aggregated,7.600000,0.000000,1300,3800,5100,6200,7600,8000,9000,9300,10000,10000,10000,468,2,1300.0,2704.8480683767525,3.735099919140339,10005.364599986933,241297.27777777778
1761335845,50,,Aggregated,7.400000,0.000000,1400,4300,5400,6200,7700,8400,9000,9700,10000,10000,10000,484,2,1400.0,2828.4049685962677,3.735099919140339,10005.364599986933,240140.35743801654
1761335846,50,,Aggregated,7.100000,0.000000,1500,4400,5500,6400,7800,8500,9100,9700,10000,10000,10000,497,2,1500.0,2892.9062185118487,3.735099919140339,10005.364599986933,240502.97384305834
1761335847,50,,Aggregated,7.600000,0.000000,1500,4500,5600,6400,7800,8500,9000,9300,10000,10000,10000,506,2,1500.0,2925.82166324238,3.735099919140339,10005.364599986933,242752.88735177866
1761335848,50,,Aggregated,7.400000,0.000000,1500,4500,5600,6400,7800,8500,9000,9300,10000,10000,10000,513,2,1500.0,2933.1826699818675,3.735099919140339,10005.364599986933,243305.84600389862
1761335849,50,,Aggregated,7.900000,0.000000,1600,4600,5600,6400,7800,8500,9000,9300,10000,10000,10000,519,2,1600.0,2944.5107579978203,3.735099919140339,10005.364599986933,244313.6570327553
1761335850,50,,Aggregated,8.400000,0.000000,1700,4600,5600,6400,7800,8400,9000,9300,10000,10000,10000,526,2,1600.0,2959.7505539938534,3.735099919140339,10005.364599986933,247345.01711026617
1761335851,50,,Aggregated,7.700000,0.000000,1700,4600,5600,6400,7800,8400,9000,9300,10000,10000,10000,538,2,1700.0,2966.1647234216753,3.735099919140339,10005.364599986933,244289.6654275093
1761335852,50,,Aggregated,7.700000,0.000000,1700,4600,5600,6300,7700,8400,9000,9300,10000,10000,10000,541,2,1700.0,2960.86744824575,3.735099919140339,10005.364599986933,244158.8022181146
1761335853,50,,Aggregated,7.500000,0.000000,1900,4500,5600,6300,7700,8400,9000,9300,10000,10000,10000,553,2,1900.0,2998.584568536938,3.735099919140339,10005.364599986933,243644.73960216998
1761335854,50,,Aggregated,8.500000,0.000000,2100,4500,5600,6400,7700,8400,9000,9300,10000,10000,10000,564,2,1900.0,3006.9260758881173,3.735099919140339,10005.364599986933,242413.4414893617
1761335855,50,,Aggregated,8.500000,0.000000,2100,4500,5600,6400,7700,8400,9000,9300,10000,10000,10000,565,2,2100.0,3014.782223010444,3.735099919140339,10005.364599986933,243154.12920353984
1761335856,50,,Aggregated,8.900000,0.000000,2500,4500,5600,6400,7700,8400,9000,9300,10000,10000,10000,573,2,2500.0,3038.4660160573717,3.735099919140339,10005.364599986933,242070.03315881325
1761335857,50,,Aggregated,8.900000,0.000000,2500,4500,5600,6400,7700,8400,9000,9300,10000,10000,10000,574,2,2500.0,3047.7325452975556,3.735099919140339,10005.364599986933,242800.65156794424
1761335858,50,,Aggregated,8.200000,0.000000,2500,4600,5700,6400,7800,8400,9000,9300,10000,10000,10000,583,2,2500.0,3079.682088337837,3.735099919140339,10005.364599986933,243594.79245283018
1761335859,50,,Aggregated,7.200000,0.000000,2500,4600,5700,6400,7800,8400,9000,9300,10000,10000,10000,589,2,2500.0,3097.6353955875325,3.735099919140339,10005.364599986933,243362.88624787776
1761335860,50,,Aggregated,6.700000,0.000000,2600,4600,5700,6400,7800,8400,9000,9300,10000,10000,10000,598,2,2600.0,3116.2945038479766,3.735099919140339,10005.364599986933,241917.71906354514
1761335861,50,,Aggregated,7.300000,0.000000,2700,4700,5800,6600,7800,8400,9000,9300,10000,10000,10000,610,2,2600.0,3166.123490821433,3.735099919140339,10005.364599986933,244757.82295081968
1761335862,50,,Aggregated,7.100000,0.000000,2700,4700,5900,6600,7800,8400,9000,9300,10000,10000,10000,616,2,2600.0,3170.655487014537,3.735099919140339,10005.364599986933,245601.62662337662
1761335863,50,,Aggregated,7.700000,0.000000,2700,4800,5900,6700,7800,8400,9000,9300,10000,10000,10000,625,2,2700.0,3203.005948641151,3.735099919140339,10005.364599986933,246306.0736
1761335864,50,,Aggregated,7.200000,0.000000,2800,4800,6000,6700,7800,8400,9000,9300,10000,10000,10000,631,2,2800.0,3233.162156260453,3.735099919140339,10005.364599986933,248162.84627575276
1761335865,50,,Aggregated,7.200000,0.000000,2800,4800,6000,6700,7800,8400,9000,9300,10000,10000,10000,631,2,2800.0,3233.162156260453,3.735099919140339,10005.364599986933,248162.84627575276
1761335866,50,,Aggregated,7.200000,0.000000,2800,4900,6000,6800,7800,8400,9000,9300,10000,10000,10000,637,2,2800.0,3259.1806387759416,3.735099919140339,10005.364599986933,248946.13500784928
1761335867,50,,Aggregated,6.600000,0.000000,2900,4900,6000,6800,7800,8400,9000,9300,10000,10000,10000,649,2,2900.0,3282.9246559325256,3.735099919140339,10005.364599986933,246388.35901386748
1761335868,50,,Aggregated,6.200000,0.000000,3000,4900,6100,6800,7900,8400,9000,9300,10000,10000,10000,658,2,2900.0,3325.3965474168717,3.735099919140339,10005.364599986933,248051.83434650456
1761335869,50,,Aggregated,6.400000,0.000000,3200,4900,6100,6900,7900,8400,9000,9300,10000,10000,10000,664,2,3100.0,3344.3551506031536,3.735099919140339,10005.364599986933,247806.9668674699
1761335870,50,,Aggregated,7.700000,0.000000,3200,4900,6100,6900,7900,8500,9000,9300,10000,10000,10000,666,2,3100.0,3347.900860060696,3.735099919140339,10005.364599986933,248058.16516516518
1761335871,50,,Aggregated,7.000000,0.000000,3300,5000,6200,7000,7900,8500,9000,9300,10000,10000,10000,674,2,3300.0,3392.9645623155047,3.735099919140339,10005.364599986933,250030.47477744808
1761335872,50,,Aggregated,7.000000,0.000000,3300,5000,6200,7000,7900,8500,9000,9300,10000,10000,10000,679,2,3300.0,3404.5612366723626,3.735099919140339,10005.364599986933,250142.95139911634
1761335873,50,,Aggregated,6.200000,0.000000,3300,5000,6200,7000,7900,8500,9000,9300,10000,10000,10000,685,2,3300.0,3424.9890684678703,3.735099919140339,10005.364599986933,250856.97664233577
1761335874,50,,Aggregated,6.600000,0.000000,3400,5000,6300,7000,7900,8500,9000,9300,10000,10000,10000,696,2,3400.0,3469.7865649432897,3.735099919140339,10005.364599986933,250705.8448275862
1761335875,50,,Aggregated,5.900000,0.000000,3400,5000,6300,7100,7900,8500,9000,9300,10000,10000,10000,703,2,3400.0,3485.3473465156426,3.735099919140339,10005.364599986933,251042.2716927454
1761335876,50,,Aggregated,5.700000,0.000000,3500,5000,6300,7100,7900,8500,9000,9300,10000,10000,10000,712,2,3500.0,3499.419139326665,3.735099919140339,10005.364599986933,250666.8525280899
1761335877,50,,Aggregated,6.600000,0.000000,3600,5100,6400,7200,7900,8500,9000,9300,10000,10000,10000,725,2,3600.0,3521.7556910353296,3.735099919140339,10005.364599986933,252582.96827586208
1761335878,50,,Aggregated,7.400000,0.000000,3500,5100,6400,7100,7900,8500,9000,9300,10000,10000,10000,729,2,3500.0,3511.6070149528996,3.735099919140339,10005.364599986933,252110.23731138546
1761335879,50,,Aggregated,7.700000,0.000000,3600,5100,6400,7100,7900,8500,9000,9300,10000,10000,10000,732,2,3500.0,3515.8375845638375,3.735099919140339,10005.364599986933,252891.42076502732
1761335880,50,,Aggregated,7.100000,0.000000,3600,5100,6400,7200,7900,8500,9000,9300,10000,10000,10000,740,2,3600.0,3524.315366892748,3.735099919140339,10005.364599986933,251954.3837837838
1761335881,50,,Aggregated,7.200000,0.000000,3700,5100,6400,7200,7900,8400,9000,9300,10000,10000,10000,748,2,3600.0,3540.990271124015,3.735099919140339,10005.364599986933,252810.8435828877
1761335882,50,,Aggregated,6.700000,0.000000,3700,5100,6400,7200,7900,8400,9000,9300,10000,10000,10000,753,2,3700.0,3549.972476760806,3.735099919140339,10005.364599986933,252896.6401062417
1761335883,50,,Aggregated,7.600000,0.000000,3700,5100,6400,7200,7900,8400,9000,9300,10000,10000,10000,762,3,3700.0,3564.7697447518954,3.735099919140339,10005.364599986933,251655.3031496063
1761335884,50,,Aggregated,7.200000,0.000000,3700,5100,6400,7200,7900,8500,9000,9300,10000,10000,10000,763,3,3700.0,3571.5719576683055,3.735099919140339,10005.364599986933,252195.40366972476
1761335885,50,,Aggregated,7.500000,0.000000,3700,5100,6500,7200,7900,8500,9000,9300,10000,10000,10000,769,3,3700.0,3599.8627671014256,3.735099919140339,10005.364599986933,254544.2210663199
1761335886,50,,Aggregated,7.700000,0.100000,3700,5100,6600,7200,7900,8500,9000,9300,10000,10000,10000,773,3,3700.0,3607.871854335177,3.735099919140339,10005.364599986933,253228.808538163
1761335887,50,,Aggregated,6.700000,0.100000,3800,5100,6600,7300,8000,8600,9100,9300,10000,10000,10000,778,3,3700.0,3629.2528012870084,3.735099919140339,10005.364599986933,254162.11053984574
1761335888,50,,Aggregated,6.200000,0.100000,3800,5200,6700,7300,8000,8700,9200,9300,10000,10000,10000,793,3,3800.0,3689.2361116032134,3.735099919140339,10005.364599986933,255217.38587641867
1761335889,50,,Aggregated,6.100000,0.100000,3900,5200,6700,7300,8000,8700,9200,9300,10000,10000,10000,801,3,3900.0,3709.032120350975,3.735099919140339,10005.364599986933,255156.7290886392
1761335890,50,,Aggregated,5.300000,0.100000,4000,5200,6700,7400,8000,8700,9200,9300,10000,10000,10000,814,3,3900.0,3712.6020244484325,3.735099919140339,10005.364599986933,254348.83783783784
1761335891,50,,Aggregated,6.300000,0.100000,4000,5300,6700,7400,8000,8700,9200,9300,10000,10000,10000,826,3,3900.0,3724.0229144080186,3.735099919140339,10005.364599986933,255480.57869249396
1761335892,50,,Aggregated,6.900000,0.100000,3900,5300,6700,7400,8000,8700,9200,9300,10000,10000,10000,837,3,3900.0,3711.0986530480645,3.735099919140339,10005.364599986933,254508.38948626045
1761335893,50,,Aggregated,7.200000,0.100000,3800,5200,6700,7300,8000,8700,9200,9300,10000,10000,10000,847,3,3800.0,3696.8806783959803,3.735099919140339,10005.364599986933,254644.40023612752
1761335894,50,,Aggregated,7.600000,0.100000,3800,5200,6700,7300,8000,8700,9200,9300,10000,10000,10000,850,3,3800.0,3690.2759741193286,3.735099919140339,10005.364599986933,254528.7117647059
1761335895,50,,Aggregated,8.600000,0.100000,3800,5200,6700,7300,8000,8700,9200,9300,10000,10000,10000,857,3,3800.0,3686.3085073528946,3.735099919140339,10005.364599986933,254002.40956826138
1761335896,50,,Aggregated,8.600000,0.000000,3800,5200,6700,7300,8000,8700,9200,9300,10000,10000,10000,865,3,3800.0,3696.5397657819813,3.735099919140339,10005.364599986933,253958.76878612716
1761335897,50,,Aggregated,8.600000,0.000000,3800,5200,6700,7200,8000,8700,9200,9300,10000,10000,10000,876,3,3800.0,3697.7468601614823,3.735099919140339,10005.364599986933,253806.899543379
1761335898,50,,Aggregated,8.700000,0.000000,3800,5200,6700,7200,8000,8700,9200,9300,10000,10000,10000,880,3,3800.0,3699.2106726152338,3.735099919140339,10005.364599986933,253409.475
1761335899,50,,Aggregated,8.900000,0.000000,3800,5200,6700,7200,8000,8600,9200,9300,10000,10000,10000,883,3,3800.0,3700.2514331839666,3.735099919140339,10005.364599986933,253302.11325028312
1761335900,50,,Aggregated,9.800000,0.000000,3900,5300,6700,7300,8000,8700,9200,9300,10000,10000,10000,890,3,3900.0,3724.6257347205205,3.735099919140339,10005.364599986933,253551.05056179775
1761335901,50,,Aggregated,8.700000,0.000000,4000,5300,6700,7300,8000,8700,9200,9300,10000,10000,10000,895,3,4000.0,3743.4379107274594,3.735099919140339,10005.364599986933,254363.3620111732
1761335903,50,,Aggregated,8.200000,0.000000,4000,5300,6700,7300,8000,8600,9200,9300,10000,10000,10000,902,3,4000.0,3762.2982657438624,3.735099919140339,10005.364599986933,255339.34146341463
1761335904,50,,Aggregated,7.600000,0.000000,4000,5400,6700,7400,8100,8600,9200,9300,10000,10000,10000,913,3,4000.0,3777.9477982481417,3.735099919140339,10005.364599986933,255907.4578313253
1761335905,50,,Aggregated,6.800000,0.000000,4000,5400,6800,7400,8100,8600,9200,9300,10000,10000,10000,922,3,4000.0,3800.554904664403,3.735099919140339,10005.364599986933,255575.38286334055
1761335906,50,,Aggregated,6.200000,0.000000,4000,5400,6800,7400,8100,8600,9200,9300,10000,10000,10000,928,3,4000.0,3801.23509170341,3.735099919140339,10005.364599986933,255358.66056034484
1761335907,50,,Aggregated,6.500000,0.000000,4000,5400,6800,7400,8100,8600,9200,9300,10000,10000,10000,934,3,4000.0,3805.6497025703393,3.735099919140339,10005.364599986933,255145.04817987152
1761335908,50,,Aggregated,7.200000,0.000000,4100,5400,6800,7400,8100,8700,9200,9300,10000,10000,10000,939,3,4100.0,3825.1868192766296,3.735099919140339,10005.364599986933,255912.69968051117
1761335909,50,,Aggregated,6.900000,0.000000,4200,5400,6800,7400,8100,8700,9200,9300,10000,10000,10000,945,3,4200.0,3841.471610476864,3.735099919140339,10005.364599986933,255697.40105820107
1761335910,50,,Aggregated,6.900000,0.000000,4200,5500,6800,7400,8100,8700,9200,9300,10000,10000,10000,947,3,4200.0,3842.2550296733243,3.735099919140339,10005.364599986933,255860.9757127772
1761335911,50,,Aggregated,6.300000,0.000000,4200,5500,6800,7400,8100,8700,9200,9400,10000,10000,10000,954,3,4200.0,3851.239318030045,3.735099919140339,10005.364599986933,255380.9392033543
1761335912,50,,Aggregated,6.400000,0.000000,4200,5500,6800,7400,8200,8700,9200,9600,10000,10000,10000,959,4,4200.0,3870.1060051103323,3.735099919140339,10005.364599986933,254744.36913451512
1761335913,50,,Aggregated,6.400000,0.000000,4200,5500,6900,7400,8200,8800,9300,9700,10000,10000,10000,964,6,4200.0,3893.174738693848,3.735099919140339,10005.729800090194,254114.23858921163
1761335914,50,,Aggregated,5.900000,0.000000,4200,5500,6800,7400,8200,8800,9300,9800,10000,10000,10000,969,7,4200.0,3883.4395175446516,3.735099919140339,10006.042399909347,252805.86584107328
1761335915,50,,Aggregated,5.900000,0.000000,4200,5500,6900,7400,8200,8900,9300,9800,10000,10000,10000,972,8,4200.0,3899.1746210913298,3.735099919140339,10006.042399909347,252710.78806584363
1761335916,50,,Aggregated,6.200000,0.300000,4200,5600,6900,7500,8200,8900,9400,9800,10000,10000,10000,982,8,4200.0,3902.4217043794188,3.735099919140339,10006.042399909347,251497.48879837067
1761335917,50,,Aggregated,5.000000,0.500000,4300,5700,7000,7500,8200,9000,9700,10000,10000,10000,10000,991,14,4300.0,3950.2973048443796,3.735099919140339,10007.881700061262,249214.91120080726
1761335918,50,,Aggregated,5.000000,0.500000,4300,5700,7000,7500,8300,9000,9700,10000,10000,10000,10000,1001,17,4300.0,3978.3532172834575,3.735099919140339,10009.04489995446,246727.6033966034
1761335919,50,,Aggregated,5.400000,0.500000,4300,5700,7000,7500,8300,9000,9800,10000,10000,10000,10000,1006,18,4300.0,3978.7219066607254,3.735099919140339,10009.04489995446,245503.1888667992
1761335920,50,,Aggregated,6.200000,1.400000,4300,5700,7000,7500,8300,9100,9800,10000,10000,10000,10000,1024,18,4300.0,3998.5844249027878,3.735099919140339,10009.04489995446,245096.0771484375
1761335921,50,,Aggregated,6.200000,1.500000,4300,5700,7000,7500,8300,9100,9800,10000,10000,10000,10000,1032,18,4300.0,4000.1545102718374,3.735099919140339,10009.04489995446,245135.13275193798
1761335922,50,,Aggregated,7.500000,1.500000,4300,5700,7000,7500,8300,9100,9800,10000,10000,10000,10000,1037,18,4300.0,3990.0977922858997,3.735099919140339,10009.04489995446,244598.09257473482
1761335923,50,,Aggregated,7.500000,1.500000,4300,5700,7000,7500,8300,9100,9800,10000,10000,10000,10000,1048,18,4200.0,3986.377760783044,3.735099919140339,10009.04489995446,243941.87213740457
1761335924,50,,Aggregated,8.200000,1.500000,4200,5700,7000,7500,8300,9100,9800,10000,10000,10000,10000,1058,18,4200.0,3981.381884121467,3.735099919140339,10009.04489995446,243529.75897920606
1761335925,50,,Aggregated,8.400000,1.200000,4200,5700,7000,7500,8300,9100,9800,10000,10000,10000,10000,1063,18,4200.0,3985.2651901228173,3.735099919140339,10009.04489995446,244267.400752587
1761335926,50,,Aggregated,8.700000,1.200000,4200,5700,7000,7500,8300,9100,9800,10000,10000,10000,10000,1067,18,4200.0,3982.4438561391235,3.735099919140339,10009.04489995446,244603.39362699157
1761335927,50,,Aggregated,9.000000,1.000000,4200,5700,7000,7500,8300,9100,9800,10000,10000,10000,10000,1071,18,4200.0,3984.333838375736,3.735099919140339,10009.04489995446,244936.46218487396
1761335928,50,,Aggregated,8.300000,1.000000,4300,5700,7000,7500,8300,9100,9800,10000,10000,10000,10000,1079,18,4300.0,3995.735980816094,3.735099919140339,10009.04489995446,245594.93790546802
1761335929,50,,Aggregated,8.300000,1.000000,4300,5700,6900,7500,8300,9000,9800,10000,10000,10000,10000,1085,18,4300.0,3993.9230048851955,3.735099919140339,10009.04489995446,245468.46267281106
1761335930,50,,Aggregated,7.700000,0.100000,4300,5700,6900,7500,8300,9000,9800,10000,10000,10000,10000,1093,18,4300.0,4000.709560659074,3.735099919140339,10009.04489995446,244894.21683440072
1761335931,50,,Aggregated,7.900000,0.000000,4400,5700,6900,7500,8300,9000,9800,10000,10000,10000,10000,1109,18,4400.0,4026.1664532916075,3.735099919140339,10009.04489995446,244371.53381424706
1761335932,50,,Aggregated,7.000000,0.000000,4400,5700,6900,7500,8300,9000,9800,10000,10000,10000,10000,1127,18,4400.0,4020.3911393083185,3.735099919140339,10009.04489995446,244617.8775510204
1761335933,50,,Aggregated,6.700000,0.000000,4400,5700,6900,7500,8300,9000,9800,10000,10000,10000,10000,1136,18,4300.0,4014.9695164616046,3.735099919140339,10009.04489995446,245032.7834507042
1761335934,50,,Aggregated,8.600000,0.000000,4300,5700,6900,7500,8300,9000,9800,10000,10000,10000,10000,1144,18,4300.0,4003.8081714162972,3.735099919140339,10009.04489995446,245657.11975524476
1761335935,50,,Aggregated,8.000000,0.000000,4300,5700,6900,7500,8200,9000,9700,10000,10000,10000,10000,1151,18,4300.0,3987.681680625862,3.735099919140339,10009.04489995446,244746.18940052128
1761335936,50,,Aggregated,8.700000,0.000000,4300,5600,6800,7400,8200,9000,9700,10000,10000,10000,10000,1164,18,4300.0,3972.9938595363697,3.735099919140339,10009.04489995446,243737.62542955327
1761335937,50,,Aggregated,8.700000,0.000000,4300,5500,6800,7400,8200,9000,9700,10000,10000,10000,10000,1171,18,4300.0,3967.0674527756096,3.735099919140339,10009.04489995446,244564.46883005978
1761335938,50,,Aggregated,9.500000,0.000000,4300,5600,6800,7400,8200,9000,9700,10000,10000,10000,10000,1173,18,4300.0,3969.6675619779976,3.735099919140339,10009.04489995446,245286.81415174765
1761335939,50,,Aggregated,9.500000,0.000000,4300,5500,6800,7400,8200,9000,9700,10000,10000,10000,10000,1174,18,4300.0,3966.290710817882,3.735099919140339,10009.04489995446,245078.4378194208
1761335940,50,,Aggregated,9.300000,0.000000,4300,5600,6800,7400,8200,9000,9700,10000,10000,10000,10000,1179,18,4300.0,3976.684030958537,3.735099919140339,10009.04489995446,246306.3443596268
1761335941,50,,Aggregated,8.900000,0.000000,4300,5600,6800,7400,8200,9000,9700,10000,10000,10000,10000,1182,18,4300.0,3985.1344631980496,3.735099919140339,10009.04489995446,247377.19120135365
1761335942,50,,Aggregated,8.500000,0.000000,4300,5600,6800,7400,8200,9000,9700,10000,10000,10000,10000,1187,18,4300.0,3988.596712552633,3.735099919140339,10009.04489995446,248025.11036225778
1761335943,50,,Aggregated,8.200000,0.000000,4300,5600,6900,7400,8200,9000,9700,10000,10000,10000,10000,1190,18,4300.0,3993.4290865545763,3.735099919140339,10009.04489995446,248523.4445378151
1761335944,50,,Aggregated,6.300000,0.000000,4400,5700,6900,7500,8300,9000,9700,10000,10000,10000,10000,1198,18,4400.0,4019.010317946519,3.735099919140339,10009.04489995446,247980.52086811353
1761335945,50,,Aggregated,5.900000,0.000000,4500,5800,6900,7500,8300,9100,9700,10000,10000,10000,10000,1218,18,4500.0,4063.680933907988,3.735099919140339,10009.04489995446,247203.47208538587
1761335946,50,,Aggregated,4.800000,0.000000,4500,5800,7000,7500,8300,9100,9800,10000,10000,10000,10000,1232,18,4500.0,4072.780952272958,3.735099919140339,10009.04489995446,247651.68181818182
1761335947,50,,Aggregated,5.900000,0.000000,4400,5800,7000,7500,8300,9100,9800,10000,10000,10000,10000,1248,18,4400.0,4054.0067068911576,3.735099919140339,10009.04489995446,246622.75400641025
1761335948,50,,Aggregated,6.300000,0.000000,4400,5800,6900,7500,8300,9100,9700,10000,10000,10000,10000,1253,18,4400.0,4060.078466560373,3.735099919140339,10009.04489995446,248306.8419792498
1761335949,50,,Aggregated,6.700000,0.000000,4400,5800,6900,7500,8300,9100,9700,10000,10000,10000,10000,1261,18,4400.0,4044.5708184774253,3.735099919140339,10009.04489995446,248324.80491673274
1761335950,50,,Aggregated,7.900000,0.000000,4400,5700,6900,7500,8300,9100,9700,10000,10000,10000,10000,1266,18,4400.0,4037.8498077409313,3.735099919140339,10009.04489995446,248401.40758293838
1761335951,50,,Aggregated,8.500000,0.000000,4400,5700,6900,7500,8300,9100,9700,10000,10000,10000,10000,1271,18,4400.0,4034.9466451614094,3.735099919140339,10009.04489995446,248477.41384736428
1761335952,50,,Aggregated,8.800000,0.000000,4400,5700,6900,7500,8300,9100,9700,10000,10000,10000,10000,1274,18,4400.0,4034.222757064385,3.735099919140339,10009.04489995446,248942.67974882261
1761335953,50,,Aggregated,8.800000,0.000000,4400,5700,6900,7500,8300,9100,9700,10000,10000,10000,10000,1279,18,4400.0,4039.3803704456636,3.735099919140339,10009.04489995446,249538.45582486317
1761335954,50,,Aggregated,8.800000,0.000000,4400,5700,6900,7400,8300,9000,9700,10000,10000,10000,10000,1285,18,4400.0,4043.1857686381104,3.735099919140339,10009.04489995446,249935.44980544748
1761335955,50,,Aggregated,9.200000,0.000000,4400,5700,6900,7400,8300,9000,9700,10000,10000,10000,10000,1287,18,4400.0,4036.912915539995,3.735099919140339,10009.04489995446,249548.0644910645
1761335956,50,,Aggregated,9.200000,0.000000,4400,5800,6900,7500,8300,9000,9700,10000,10000,10000,10000,1294,18,4400.0,4048.7448361670235,3.735099919140339,10009.04489995446,249749.63292117466
1761335957,50,,Aggregated,7.800000,0.000000,4500,5800,6900,7500,8300,9100,9700,10000,10000,10000,10000,1299,18,4500.0,4066.0032581216587,3.735099919140339,10009.04489995446,250333.07236335642
1761335958,50,,Aggregated,7.100000,0.000000,4500,5800,6900,7500,8300,9100,9700,10000,10000,10000,10000,1308,18,4500.0,4071.1914123087945,3.735099919140339,10009.04489995446,250146.8891437309
1761335959,50,,Aggregated,5.700000,0.000000,4500,5900,7000,7500,8400,9200,9800,10000,10000,10000,10000,1317,20,4500.0,4101.968260136686,3.735099919140339,10009.04489995446,249961.90356871678
1761335960,50,,Aggregated,5.100000,0.000000,4500,5900,7000,7500,8400,9200,9800,10000,10000,10000,10000,1334,24,4500.0,4132.463814617666,3.735099919140339,10009.04489995446,247781.8500749625
1761335961,50,,Aggregated,5.100000,0.000000,4500,5900,7000,7500,8500,9200,9800,10000,10000,10000,10000,1340,24,4500.0,4142.353235895541,3.735099919140339,10009.04489995446,248670.55298507464
1761335962,50,,Aggregated,5.900000,0.500000,4500,5900,7000,7500,8400,9200,9800,10000,10000,10000,10000,1354,24,4500.0,4134.560939733956,3.735099919140339,10009.04489995446,248573.4010339734
1761335963,50,,Aggregated,6.800000,0.600000,4500,5900,7000,7500,8400,9200,9800,10000,10000,10000,10000,1358,24,4500.0,4126.328184241422,3.735099919140339,10009.04489995446,248335.83136966126
1761335964,50,,Aggregated,6.900000,0.600000,4500,5900,7000,7500,8400,9200,9800,10000,10000,10000,10000,1363,24,4500.0,4124.39651122518,3.735099919140339,10009.04489995446,248899.86060161408
1761335965,50,,Aggregated,7.700000,0.600000,4500,5900,7000,7500,8400,9200,9800,10000,10000,10000,10000,1367,24,4500.0,4121.406657498206,3.735099919140339,10009.04489995446,249152.33796634967
1761335966,50,,Aggregated,7.600000,0.600000,4500,5900,6900,7500,8400,9200,9800,10000,10000,10000,10000,1376,24,4500.0,4124.27409106123,3.735099919140339,10009.04489995446,249471.09447674418
1761335967,50,,Aggregated,7.900000,0.600000,4500,5900,6900,7500,8400,9200,9800,10000,10000,10000,10000,1382,24,4500.0,4119.561192764383,3.735099919140339,10009.04489995446,248874.36107091172
1761335968,50,,Aggregated,7.500000,0.600000,4500,5900,6900,7500,8400,9200,9800,10000,10000,10000,10000,1389,24,4500.0,4120.038615623147,3.735099919140339,10009.04489995446,248586.22246220303
1761335969,50,,Aggregated,8.600000,0.600000,4500,5900,6900,7500,8400,9200,9800,10000,10000,10000,10000,1397,24,4500.0,4126.299639442038,3.735099919140339,10009.04489995446,248602.89405869722
1761335970,50,,Aggregated,8.100000,0.600000,4500,5900,6900,7500,8400,9200,9800,10000,10000,10000,10000,1404,24,4500.0,4130.580156838072,3.735099919140339,10009.04489995446,248319.14743589744
1761335971,50,,Aggregated,8.000000,0.600000,4500,5900,6900,7500,8400,9200,9800,10000,10000,10000,10000,1411,24,4500.0,4133.167911339983,3.735099919140339,10009.04489995446,248513.45570517363
1761335972,50,,Aggregated,7.300000,0.100000,4600,5900,6900,7500,8400,9200,9800,10000,10000,10000,10000,1422,24,4500.0,4140.993368143868,3.735099919140339,10009.04489995446,247535.57313642756
1761335973,50,,Aggregated,7.100000,0.000000,4600,5900,6900,7500,8500,9200,9800,10000,10000,10000,10000,1431,24,4600.0,4150.696942907322,3.735099919140339,10009.04489995446,247384.6457023061
1761335974,50,,Aggregated,7.000000,0.000000,4600,5900,7000,7500,8500,9200,9800,10000,10000,10000,10000,1437,24,4600.0,4163.912200069761,3.735099919140339,10009.04489995446,248217.63187195547
1761335975,50,,Aggregated,6.600000,0.000000,4600,5900,7000,7500,8500,9200,9800,10000,10000,10000,10000,1442,24,4500.0,4160.05642350922,3.735099919140339,10009.04489995446,247822.97572815535
1761335976,50,,Aggregated,7.300000,0.000000,4600,5900,7000,7500,8500,9200,9800,10000,10000,10000,10000,1447,24,4600.0,4168.202797512256,3.735099919140339,10009.04489995446,248356.82515549412
1761335977,50,,Aggregated,7.200000,0.000000,4500,5900,7000,7500,8500,9200,9800,10000,10000,10000,10000,1472,24,4500.0,4164.521689402571,3.735099919140339,10009.04489995446,246876.25135869565
1761335978,50,,Aggregated,7.300000,0.000000,4500,5900,6900,7500,8500,9200,9800,10000,10000,10000,10000,1473,24,4500.0,4161.698547522512,3.735099919140339,10009.04489995446,246709.09368635438
1761335979,50,,Aggregated,6.800000,0.000000,4500,5900,6900,7500,8500,9200,9800,10000,10000,10000,10000,1475,24,4500.0,4160.367654983459,3.735099919140339,10009.04489995446,246829.7959322034
1761335980,50,,Aggregated,9.000000,0.000000,4500,5900,6900,7500,8500,9200,9800,10000,10000,10000,10000,1485,24,4500.0,4159.289382693988,3.735099919140339,10009.04489995446,246072.76700336701
1761335981,50,,Aggregated,8.400000,0.000000,4500,5900,6900,7500,8500,9200,9800,10000,10000,10000,10000,1494,24,4500.0,4163.142873494483,3.735099919140339,10009.04489995446,246387.1325301205
1761335982,50,,Aggregated,7.800000,0.000000,4500,5900,6900,7500,8500,9200,9800,10000,10000,10000,10000,1500,24,4500.0,4162.085354000563,3.735099919140339,10009.04489995446,246744.91466666668
1761335983,50,,Aggregated,7.900000,0.000000,4500,5900,6900,7500,8400,9200,9800,10000,10000,10000,10000,1505,24,4500.0,4160.199703920812,3.735099919140339,10009.04489995446,246372.04053156145
1761335984,50,,Aggregated,8.300000,0.000000,4500,5900,6900,7500,8500,9200,9800,10000,10000,10000,10000,1509,25,4500.0,4167.29489078923,3.735099919140339,10009.04489995446,246164.2789927104
1761335985,50,,Aggregated,7.800000,0.000000,4500,5900,6900,7500,8400,9200,9800,10000,10000,10000,10000,1518,25,4500.0,4173.425948222006,3.735099919140339,10009.04489995446,245590.8906455863
1761335986,50,,Aggregated,7.300000,0.000000,4500,5900,7000,7500,8400,9200,9800,10000,10000,10000,10000,1525,25,4500.0,4183.561227672779,3.735099919140339,10009.04489995446,246665.83344262294
1761335987,50,,Aggregated,7.200000,0.100000,4500,5900,7000,7500,8400,9200,9800,10000,10000,10000,10000,1531,25,4500.0,4188.509716460412,3.735099919140339,10009.04489995446,247016.32919660353
1761335988,50,,Aggregated,7.700000,0.100000,4500,5900,7000,7500,8400,9200,9800,10000,10000,10000,10000,1540,25,4500.0,4190.57512772776,3.735099919140339,10009.04489995446,247319.79090909092
1761335989,50,,Aggregated,7.700000,0.100000,4500,5900,7000,7500,8400,9200,9800,10000,10000,10000,10000,1543,25,4500.0,4194.706469216238,3.735099919140339,10009.04489995446,247710.53856124432
1761335991,50,,Aggregated,6.600000,0.100000,4500,5900,7000,7500,8400,9200,9800,10000,10000,10000,10000,1550,25,4500.0,4185.446003032473,3.735099919140339,10009.04489995446,247027.88
1761335992,50,,Aggregated,6.600000,0.100000,4600,5900,7000,7500,8400,9200,9800,10000,10000,10000,10000,1556,25,4500.0,4190.054390809899,3.735099919140339,10009.04489995446,246508.45501285346
1761335993,50,,Aggregated,6.800000,0.100000,4500,5900,7000,7500,8400,9200,9800,10000,10000,10000,10000,1557,25,4500.0,4187.369997687976,3.735099919140339,10009.04489995446,246350.551701991
1761335994,50,,Aggregated,6.400000,0.100000,4600,6000,7000,7500,8500,9200,10000,10000,10000,10000,10000,1563,31,4600.0,4209.710936276471,3.735099919140339,10009.04489995446,245405.4286628279
1761335995,50,,Aggregated,6.100000,0.100000,4600,6000,7000,7500,8500,9300,10000,10000,10000,10000,10000,1567,34,4600.0,4218.13435398857,3.735099919140339,10015.851099975407,244779.6911295469
1761335996,50,,Aggregated,5.700000,0.100000,4600,6000,7000,7600,8500,9300,10000,10000,10000,10000,10000,1571,36,4600.0,4220.146911457744,3.735099919140339,10015.851099975407,244157.4627625716
1761335997,50,,Aggregated,5.800000,0.900000,4600,6000,7100,7600,8500,9300,10000,10000,10000,10000,10000,1575,39,4600.0,4228.492964380938,3.735099919140339,10015.851099975407,243538.07555555555
1761335998,50,,Aggregated,5.800000,0.900000,4600,6000,7100,7600,8600,9400,10000,10000,10000,10000,10000,1579,42,4600.0,4236.821903103102,3.735099919140339,10017.39599998109,242921.76694110196
1761335999,50,,Aggregated,5.200000,1.100000,4600,6100,7100,7600,8600,9400,10000,10000,10000,10000,10000,1589,51,4600.0,4266.83850937675,3.735099919140339,10017.39599998109,241394.18187539332
1761336000,50,,Aggregated,4.800000,1.700000,4600,6100,7200,7600,8700,9600,10000,10000,10000,10000,10000,1596,56,4600.0,4279.496235714103,3.735099919140339,10019.779999973252,240336.6572681704
1761336001,50,,Aggregated,4.800000,1.700000,4600,6100,7200,7600,8700,9600,10000,10000,10000,10000,10000,1600,60,4600.0,4293.818697687166,3.735099919140339,10019.779999973252,239736.065625
1761336002,50,,Aggregated,5.100000,3.000000,4600,6100,7200,7700,8700,9600,10000,10000,10000,10000,10000,1605,64,4600.0,4305.390444859453,3.735099919140339,10019.779999973252,238989.93769470404
1761336003,50,,Aggregated,5.100000,3.500000,4600,6200,7200,7700,8700,9700,10000,10000,10000,10000,10000,1610,69,4600.0,4323.103907639421,3.735099919140339,10019.779999973252,238248.13291925465
1761336004,50,,Aggregated,5.100000,3.500000,4600,6200,7200,7700,8800,9800,10000,10000,10000,10000,10000,1613,72,4600.0,4333.6749724733145,3.735099919140339,10019.779999973252,237805.28952262865
1761336005,50,,Aggregated,5.200000,4.300000,4600,6200,7300,7700,8800,9800,10000,10000,10000,10000,10000,1616,75,4600.0,4344.215240717435,3.735099919140339,10020.538599928841,237364.03341584158
1761336006,50,,Aggregated,5.200000,4.300000,4600,6200,7300,7700,8800,9800,10000,10000,10000,10000,10000,1622,81,4600.0,4346.665007089673,3.735099919140339,10020.538599928841,236486.47595561037
1761336007,50,,Aggregated,4.800000,4.000000,4600,6300,7300,7800,8900,10000,10000,10000,10000,10000,10000,1628,87,4600.0,4349.099699815484,3.735099919140339,10020.538599928841,235615.38820638822
1761336008,50,,Aggregated,5.100000,4.500000,4600,6300,7300,7800,8900,10000,10000,10000,10000,10000,10000,1638,97,4600.0,4340.9274779607695,3.735099919140339,10020.538599928841,234177.78266178266
1761336009,50,,Aggregated,5.400000,4.800000,4600,6300,7300,7800,9000,10000,10000,10000,10000,10000,10000,1650,109,4600.0,4333.643859939113,3.735099919140339,10020.538599928841,232475.61575757575
1761336010,50,,Aggregated,5.700000,5.300000,4600,6300,7300,7800,9000,10000,10000,10000,10000,10000,10000,1662,121,4600.0,4332.487230324612,3.735099919140339,10020.538599928841,230798.13116726835
1761336011,50,,Aggregated,5.800000,5.500000,4600,6300,7300,7800,9000,10000,10000,10000,10000,10000,10000,1676,135,4600.0,4320.2443609186,3.735099919140339,10020.538599928841,228871.33770883054
1761336012,50,,Aggregated,6.200000,6.000000,4600,6200,7300,7800,9000,10000,10000,10000,10000,10000,10000,1695,154,4600.0,4301.3827329200685,3.735099919140339,10020.538599928841,226307.35457227138
1761336013,50,,Aggregated,7.100000,7.000000,4600,6200,7400,7800,9100,10000,10000,10000,10000,10000,10000,1721,180,4600.0,4288.830701277858,3.735099919140339,10025.67350002937,222890.45787332946
1761336014,50,,Aggregated,8.500000,8.500000,4500,6200,7400,7800,9200,10000,10000,10000,10000,10000,10000,1740,199,4500.0,4265.078838333025,3.735099919140339,10025.67350002937,220458.0235632184
1761336015,50,,Aggregated,10.300000,10.300000,4500,6100,7300,7800,9200,10000,10000,10000,10000,10000,10000,1770,229,4500.0,4215.506933220283,3.642000025138259,10025.67350002937,216723.73559322034
1761336016,50,,Aggregated,12.100000,12.100000,4400,6100,7200,7800,9200,10000,10000,10000,10000,10000,10000,1794,253,4400.0,4159.208339576258,3.642000025138259,10025.67350002937,213826.2636566332
1761336017,50,,Aggregated,14.800000,14.800000,4300,6000,7200,7800,9100,10000,10000,10000,10000,10000,10000,1816,275,4300.0,4108.920565693632,3.642000025138259,10025.67350002937,211237.56773127752
1761336018,50,,Aggregated,16.600000,16.600000,4200,5900,7200,7700,9100,10000,10000,10000,10000,10000,10000,1844,303,4200.0,4046.660555259945,3.642000025138259,10025.67350002937,208032.15130151843
1761336019,50,,Aggregated,18.300000,18.300000,4100,5800,7100,7700,9000,10000,10000,10000,10000,10000,10000,1871,330,4100.0,3988.54314601798,3.642000025138259,10025.67350002937,205031.84233030464
1761336020,50,,Aggregated,20.200000,20.200000,4000,5800,7000,7600,9000,10000,10000,10000,10000,10000,10000,1901,360,4000.0,3925.7092166753623,3.642000025138259,10025.67350002937,201798.45712782745
1761336021,50,,Aggregated,21.700000,21.700000,3900,5700,7000,7600,9000,10000,10000,10000,10000,10000,10000,1919,378,3900.0,3888.961034965917,3.642000025138259,10025.67350002937,199906.91297550808
1761336022,50,,Aggregated,23.200000,23.200000,3800,5700,7000,7600,9000,10000,10000,10000,10000,10000,10000,1940,399,3800.0,3846.9929057214235,3.642000025138259,10025.67350002937,197744.40154639175
1761336023,50,,Aggregated,23.900000,23.900000,3700,5600,6900,7600,8900,10000,10000,10000,10000,10000,10000,1973,432,3700.0,3782.8356526097923,3.642000025138259,10025.67350002937,194439.21135326914
1761336024,50,,Aggregated,24.700000,24.700000,3600,5500,6900,7500,8900,10000,10000,10000,10000,10000,10000,1993,452,3600.0,3744.9586438027955,3.642000025138259,10025.67350002937,192489.40441545408
1761336025,50,,Aggregated,25.100000,25.100000,3500,5500,6800,7500,8900,10000,10000,10000,10000,10000,10000,2024,483,3500.0,3687.728334930157,2.9272999381646514,10025.67350002937,189543.34584980237
1761336026,50,,Aggregated,25.500000,25.500000,3300,5400,6800,7500,8800,10000,10000,10000,10000,10000,10000,2049,508,3300.0,3642.8152469492243,2.9272999381646514,10025.67350002937,187232.448511469
1761336027,50,,Aggregated,25.200000,25.200000,3300,5300,6800,7500,8800,10000,10000,10000,10000,10000,10000,2072,531,3300.0,3602.547894787195,2.9272999381646514,10025.67350002937,185155.47828185328
1761336028,50,,Aggregated,25.000000,25.000000,3200,5300,6700,7500,8800,10000,10000,10000,10000,10000,10000,2098,557,3100.0,3558.0375745943684,2.9272999381646514,10025.67350002937,182862.55624404195
1761336029,50,,Aggregated,25.400000,25.400000,3000,5200,6700,7400,8700,10000,10000,10000,10000,10000,10000,2126,585,3000.0,3511.3399296797797,2.9272999381646514,10025.67350002937,180455.93979303856
1761336030,50,,Aggregated,25.400000,25.400000,2900,5200,6700,7400,8700,10000,10000,10000,10000,10000,10000,2149,608,2900.0,3473.842983340648,2.9272999381646514,10025.67350002937,178526.0828292229
